{
  "project_info": {
    "project_number": "571797652083",
    "project_id": "teampro-7cbaf",
    "storage_bucket": "teampro-7cbaf.appspot.com"
  },
  "client": [
    {
      "client_info": {
        "mobilesdk_app_id": "1:571797652083:android:b133402f361cdf09cde006",
        "android_client_info": {
          "package_name": "com.ourdevelops.ourjek"
        }
      },
      "oauth_client": [
        {
          "client_id": "571797652083-e0da4c3l9i4lbpq94bpkbihicd2rbh32.apps.googleusercontent.com",
          "client_type": 3
        }
      ],
      "api_key": [
        {
          "current_key": "AIzaSyCB7zNK22uxRu_8bWgphvJte5Tr8LLvLwI"
        }
      ],
      "services": {
        "appinvite_service": {
          "other_platform_oauth_client": [
            {
              "client_id": "571797652083-e0da4c3l9i4lbpq94bpkbihicd2rbh32.apps.googleusercontent.com",
              "client_type": 3
            }
          ]
        }
      }
    }
  ],
  "configuration_version": "1"
}